{
  "parent": "minecraft:item/generated",
  "textures": {
    "layer0": "minecraft:item/paper"
  },
  "overrides": [
    {
      "predicate": {
        "custom_model_data": 3001
      },
      "model": "minecraft:item/pyrofishing_drop_crab_claws"
    },
    {
      "predicate": {
        "custom_model_data": 3002
      },
      "model": "minecraft:item/pyrofishing_drop_crab_lure"
    },
    {
      "predicate": {
        "custom_model_data": 3003
      },
      "model": "minecraft:item/pyrofishing_drop_crab_scales"
    },
    {
      "predicate": {
        "custom_model_data": 3004
      },
      "model": "minecraft:item/pyrofishing_drop_dolphin_tail"
    },
    {
      "predicate": {
        "custom_model_data": 3005
      },
      "model": "minecraft:item/pyrofishing_drop_entropy"
    },
    {
      "predicate": {
        "custom_model_data": 3006
      },
      "model": "minecraft:item/pyrofishing_drop_mythical_lure"
    },
    {
      "predicate": {
        "custom_model_data": 3007
      },
      "model": "minecraft:item/pyrofishing_drop_platinum_lure"
    },
    {
      "predicate": {
        "custom_model_data": 3008
      },
      "model": "minecraft:item/pyrofishing_drop_squid_tentacle"
    }
  ]
}