{
  "parent": "minecraft:item/generated",
  "textures": {
    "layer0": "minecraft:item/pufferfish"
  },
  "overrides": [
    {
      "predicate": {
        "custom_model_data": 1001
      },
      "model": "minecraft:item/pyrofishing_altair_fish"
    },
    {
      "predicate": {
        "custom_model_data": 1002
      },
      "model": "minecraft:item/pyrofishing_amaterasu_fish"
    },
    {
      "predicate": {
        "custom_model_data": 1003
      },
      "model": "minecraft:item/pyrofishing_ancient_fish"
    },
    {
      "predicate": {
        "custom_model_data": 1004
      },
      "model": "minecraft:item/pyrofishing_angelfish"
    },
    {
      "predicate": {
        "custom_model_data": 1005
      },
      "model": "minecraft:item/pyrofishing_anglerfish"
    },
    {
      "predicate": {
        "custom_model_data": 1006
      },
      "model": "minecraft:item/pyrofishing_ariel_the_mermaid"
    },
    {
      "predicate": {
        "custom_model_data": 1007
      },
      "model": "minecraft:item/pyrofishing_atlantic_cod"
    },
    {
      "predicate": {
        "custom_model_data": 1008
      },
      "model": "minecraft:item/pyrofishing_ayanami_fish"
    },
    {
      "predicate": {
        "custom_model_data": 1009
      },
      "model": "minecraft:item/pyrofishing_bashful_angler"
    },
    {
      "predicate": {
        "custom_model_data": 1010
      },
      "model": "minecraft:item/pyrofishing_basic_fish"
    },
    {
      "predicate": {
        "custom_model_data": 1011
      },
      "model": "minecraft:item/pyrofishing_bass"
    },
    {
      "predicate": {
        "custom_model_data": 1012
      },
      "model": "minecraft:item/pyrofishing_berry_fishy"
    },
    {
      "predicate": {
        "custom_model_data": 1013
      },
      "model": "minecraft:item/pyrofishing_black_bean_fish"
    },
    {
      "predicate": {
        "custom_model_data": 1014
      },
      "model": "minecraft:item/pyrofishing_blackfin_tuna"
    },
    {
      "predicate": {
        "custom_model_data": 1015
      },
      "model": "minecraft:item/pyrofishing_blue_jellyfish"
    },
    {
      "predicate": {
        "custom_model_data": 1016
      },
      "model": "minecraft:item/pyrofishing_bream"
    },
    {
      "predicate": {
        "custom_model_data": 1017
      },
      "model": "minecraft:item/pyrofishing_bubbly_fish"
    },
    {
      "predicate": {
        "custom_model_data": 1018
      },
      "model": "minecraft:item/pyrofishing_catfish"
    },
    {
      "predicate": {
        "custom_model_data": 1019
      },
      "model": "minecraft:item/pyrofishing_chaos_fish"
    },
    {
      "predicate": {
        "custom_model_data": 1020
      },
      "model": "minecraft:item/pyrofishing_chlorofish"
    },
    {
      "predicate": {
        "custom_model_data": 1021
      },
      "model": "minecraft:item/pyrofishing_city_fish"
    },
    {
      "predicate": {
        "custom_model_data": 1022
      },
      "model": "minecraft:item/pyrofishing_colossal_catfish"
    },
    {
      "predicate": {
        "custom_model_data": 1023
      },
      "model": "minecraft:item/pyrofishing_colossal_squid"
    },
    {
      "predicate": {
        "custom_model_data": 1024
      },
      "model": "minecraft:item/pyrofishing_damselfish"
    },
    {
      "predicate": {
        "custom_model_data": 1025
      },
      "model": "minecraft:item/pyrofishing_death_manta"
    },
    {
      "predicate": {
        "custom_model_data": 1026
      },
      "model": "minecraft:item/pyrofishing_devil_hole_pupfish"
    },
    {
      "predicate": {
        "custom_model_data": 1027
      },
      "model": "minecraft:item/pyrofishing_dinomite_fish"
    },
    {
      "predicate": {
        "custom_model_data": 1028
      },
      "model": "minecraft:item/pyrofishing_dory_fish"
    },
    {
      "predicate": {
        "custom_model_data": 1029
      },
      "model": "minecraft:item/pyrofishing_e-boy_fish"
    },
    {
      "predicate": {
        "custom_model_data": 1030
      },
      "model": "minecraft:item/pyrofishing_ebonkoi"
    },
    {
      "predicate": {
        "custom_model_data": 1031
      },
      "model": "minecraft:item/pyrofishing_eel"
    },
    {
      "predicate": {
        "custom_model_data": 1032
      },
      "model": "minecraft:item/pyrofishing_elmo_fish"
    },
    {
      "predicate": {
        "custom_model_data": 1033
      },
      "model": "minecraft:item/pyrofishing_fairy_fish"
    },
    {
      "predicate": {
        "custom_model_data": 1034
      },
      "model": "minecraft:item/pyrofishing_faye_fish"
    },
    {
      "predicate": {
        "custom_model_data": 1035
      },
      "model": "minecraft:item/pyrofishing_flarefin_koi"
    },
    {
      "predicate": {
        "custom_model_data": 1036
      },
      "model": "minecraft:item/pyrofishing_frost_minnow"
    },
    {
      "predicate": {
        "custom_model_data": 1037
      },
      "model": "minecraft:item/pyrofishing_galaxy_rasbora"
    },
    {
      "predicate": {
        "custom_model_data": 1038
      },
      "model": "minecraft:item/pyrofishing_ghostfish"
    },
    {
      "predicate": {
        "custom_model_data": 1039
      },
      "model": "minecraft:item/pyrofishing_glacierfish"
    },
    {
      "predicate": {
        "custom_model_data": 1040
      },
      "model": "minecraft:item/pyrofishing_glazula"
    },
    {
      "predicate": {
        "custom_model_data": 1041
      },
      "model": "minecraft:item/pyrofishing_glazula_fish"
    },
    {
      "predicate": {
        "custom_model_data": 1042
      },
      "model": "minecraft:item/pyrofishing_grand_swordfish"
    },
    {
      "predicate": {
        "custom_model_data": 1043
      },
      "model": "minecraft:item/pyrofishing_great_fairy_fish"
    },
    {
      "predicate": {
        "custom_model_data": 1044
      },
      "model": "minecraft:item/pyrofishing_great_swordfish"
    },
    {
      "predicate": {
        "custom_model_data": 1045
      },
      "model": "minecraft:item/pyrofishing_great_white_shark"
    },
    {
      "predicate": {
        "custom_model_data": 1046
      },
      "model": "minecraft:item/pyrofishing_greengill"
    },
    {
      "predicate": {
        "custom_model_data": 1047
      },
      "model": "minecraft:item/pyrofishing_halibut"
    },
    {
      "predicate": {
        "custom_model_data": 1048
      },
      "model": "minecraft:item/pyrofishing_hemopiranha"
    },
    {
      "predicate": {
        "custom_model_data": 1049
      },
      "model": "minecraft:item/pyrofishing_herring"
    },
    {
      "predicate": {
        "custom_model_data": 1050
      },
      "model": "minecraft:item/pyrofishing_hibiki_fish"
    },
    {
      "predicate": {
        "custom_model_data": 1051
      },
      "model": "minecraft:item/pyrofishing_honeyfin"
    },
    {
      "predicate": {
        "custom_model_data": 1052
      },
      "model": "minecraft:item/pyrofishing_ice_pip"
    },
    {
      "predicate": {
        "custom_model_data": 1053
      },
      "model": "minecraft:item/pyrofishing_ichigo_fish"
    },
    {
      "predicate": {
        "custom_model_data": 1054
      },
      "model": "minecraft:item/pyrofishing_inori_fish"
    },
    {
      "predicate": {
        "custom_model_data": 1055
      },
      "model": "minecraft:item/pyrofishing_iridescent_shark"
    },
    {
      "predicate": {
        "custom_model_data": 1056
      },
      "model": "minecraft:item/pyrofishing_kiwi_fish"
    },
    {
      "predicate": {
        "custom_model_data": 1057
      },
      "model": "minecraft:item/pyrofishing_koi"
    },
    {
      "predicate": {
        "custom_model_data": 1058
      },
      "model": "minecraft:item/pyrofishing_kotori_fish"
    },
    {
      "predicate": {
        "custom_model_data": 1059
      },
      "model": "minecraft:item/pyrofishing_kurumi_fish"
    },
    {
      "predicate": {
        "custom_model_data": 1060
      },
      "model": "minecraft:item/pyrofishing_lava_eel"
    },
    {
      "predicate": {
        "custom_model_data": 1061
      },
      "model": "minecraft:item/pyrofishing_lingcod"
    },
    {
      "predicate": {
        "custom_model_data": 1062
      },
      "model": "minecraft:item/pyrofishing_mackerel"
    },
    {
      "predicate": {
        "custom_model_data": 1063
      },
      "model": "minecraft:item/pyrofishing_man_o_war"
    },
    {
      "predicate": {
        "custom_model_data": 1064
      },
      "model": "minecraft:item/pyrofishing_manta_ray"
    },
    {
      "predicate": {
        "custom_model_data": 1065
      },
      "model": "minecraft:item/pyrofishing_marlin"
    },
    {
      "predicate": {
        "custom_model_data": 1066
      },
      "model": "minecraft:item/pyrofishing_midnight_squid"
    },
    {
      "predicate": {
        "custom_model_data": 1067
      },
      "model": "minecraft:item/pyrofishing_mooranha"
    },
    {
      "predicate": {
        "custom_model_data": 1068
      },
      "model": "minecraft:item/pyrofishing_mud_shark"
    },
    {
      "predicate": {
        "custom_model_data": 1069
      },
      "model": "minecraft:item/pyrofishing_mudcrab"
    },
    {
      "predicate": {
        "custom_model_data": 1070
      },
      "model": "minecraft:item/pyrofishing_nami_fish"
    },
    {
      "predicate": {
        "custom_model_data": 1071
      },
      "model": "minecraft:item/pyrofishing_natsumi_fish"
    },
    {
      "predicate": {
        "custom_model_data": 1072
      },
      "model": "minecraft:item/pyrofishing_neeko_fish"
    },
    {
      "predicate": {
        "custom_model_data": 1073
      },
      "model": "minecraft:item/pyrofishing_nemo_fish"
    },
    {
      "predicate": {
        "custom_model_data": 1074
      },
      "model": "minecraft:item/pyrofishing_neon_tetra"
    },
    {
      "predicate": {
        "custom_model_data": 1075
      },
      "model": "minecraft:item/pyrofishing_nep_fish"
    },
    {
      "predicate": {
        "custom_model_data": 1076
      },
      "model": "minecraft:item/pyrofishing_nuptuna"
    },
    {
      "predicate": {
        "custom_model_data": 1077
      },
      "model": "minecraft:item/pyrofishing_octopus"
    },
    {
      "predicate": {
        "custom_model_data": 1078
      },
      "model": "minecraft:item/pyrofishing_ordon_catfish"
    },
    {
      "predicate": {
        "custom_model_data": 1079
      },
      "model": "minecraft:item/pyrofishing_perch"
    },
    {
      "predicate": {
        "custom_model_data": 1080
      },
      "model": "minecraft:item/pyrofishing_pike"
    },
    {
      "predicate": {
        "custom_model_data": 1081
      },
      "model": "minecraft:item/pyrofishing_pink_jellyfish"
    },
    {
      "predicate": {
        "custom_model_data": 1082
      },
      "model": "minecraft:item/pyrofishing_piranha"
    },
    {
      "predicate": {
        "custom_model_data": 1083
      },
      "model": "minecraft:item/pyrofishing_princess_fish"
    },
    {
      "predicate": {
        "custom_model_data": 1084
      },
      "model": "minecraft:item/pyrofishing_prismite"
    },
    {
      "predicate": {
        "custom_model_data": 1085
      },
      "model": "minecraft:item/pyrofishing_purple_fish"
    },
    {
      "predicate": {
        "custom_model_data": 1086
      },
      "model": "minecraft:item/pyrofishing_pyro_fishy"
    },
    {
      "predicate": {
        "custom_model_data": 1087
      },
      "model": "minecraft:item/pyrofishing_rainbow_trout"
    },
    {
      "predicate": {
        "custom_model_data": 1088
      },
      "model": "minecraft:item/pyrofishing_random_fish"
    },
    {
      "predicate": {
        "custom_model_data": 1089
      },
      "model": "minecraft:item/pyrofishing_red_jellyfish"
    },
    {
      "predicate": {
        "custom_model_data": 1090
      },
      "model": "minecraft:item/pyrofishing_red_mullet"
    },
    {
      "predicate": {
        "custom_model_data": 1091
      },
      "model": "minecraft:item/pyrofishing_red_snapper"
    },
    {
      "predicate": {
        "custom_model_data": 1092
      },
      "model": "minecraft:item/pyrofishing_rouge_fish"
    },
    {
      "predicate": {
        "custom_model_data": 1093
      },
      "model": "minecraft:item/pyrofishing_ryuko_fish"
    },
    {
      "predicate": {
        "custom_model_data": 1094
      },
      "model": "minecraft:item/pyrofishing_sardine"
    },
    {
      "predicate": {
        "custom_model_data": 1095
      },
      "model": "minecraft:item/pyrofishing_savage_shark"
    },
    {
      "predicate": {
        "custom_model_data": 1096
      },
      "model": "minecraft:item/pyrofishing_screaming_goat_fish"
    },
    {
      "predicate": {
        "custom_model_data": 1097
      },
      "model": "minecraft:item/pyrofishing_seabass"
    },
    {
      "predicate": {
        "custom_model_data": 1098
      },
      "model": "minecraft:item/pyrofishing_shark"
    },
    {
      "predicate": {
        "custom_model_data": 1099
      },
      "model": "minecraft:item/pyrofishing_shimakaze_fish"
    },
    {
      "predicate": {
        "custom_model_data": 1100
      },
      "model": "minecraft:item/pyrofishing_shinoa_fish"
    },
    {
      "predicate": {
        "custom_model_data": 1101
      },
      "model": "minecraft:item/pyrofishing_shrimp"
    },
    {
      "predicate": {
        "custom_model_data": 1102
      },
      "model": "minecraft:item/pyrofishing_sir_reginald"
    },
    {
      "predicate": {
        "custom_model_data": 1103
      },
      "model": "minecraft:item/pyrofishing_siren"
    },
    {
      "predicate": {
        "custom_model_data": 1104
      },
      "model": "minecraft:item/pyrofishing_skylar_fish"
    },
    {
      "predicate": {
        "custom_model_data": 1105
      },
      "model": "minecraft:item/pyrofishing_slimejack"
    },
    {
      "predicate": {
        "custom_model_data": 1106
      },
      "model": "minecraft:item/pyrofishing_squid"
    },
    {
      "predicate": {
        "custom_model_data": 1107
      },
      "model": "minecraft:item/pyrofishing_stonefish"
    },
    {
      "predicate": {
        "custom_model_data": 1108
      },
      "model": "minecraft:item/pyrofishing_strawberry_tiger_barb"
    },
    {
      "predicate": {
        "custom_model_data": 1109
      },
      "model": "minecraft:item/pyrofishing_sturgeon"
    },
    {
      "predicate": {
        "custom_model_data": 1110
      },
      "model": "minecraft:item/pyrofishing_sunfish"
    },
    {
      "predicate": {
        "custom_model_data": 1111
      },
      "model": "minecraft:item/pyrofishing_tanya_the_evil"
    },
    {
      "predicate": {
        "custom_model_data": 1112
      },
      "model": "minecraft:item/pyrofishing_the_yeehaw"
    },
    {
      "predicate": {
        "custom_model_data": 1113
      },
      "model": "minecraft:item/pyrofishing_tiger_fish"
    },
    {
      "predicate": {
        "custom_model_data": 1114
      },
      "model": "minecraft:item/pyrofishing_tiger_trout"
    },
    {
      "predicate": {
        "custom_model_data": 1115
      },
      "model": "minecraft:item/pyrofishing_tiny_kitten"
    },
    {
      "predicate": {
        "custom_model_data": 1116
      },
      "model": "minecraft:item/pyrofishing_tohka_fish"
    },
    {
      "predicate": {
        "custom_model_data": 1117
      },
      "model": "minecraft:item/pyrofishing_trichloromethane"
    },
    {
      "predicate": {
        "custom_model_data": 1118
      },
      "model": "minecraft:item/pyrofishing_trogdor_the_hydrogenator"
    },
    {
      "predicate": {
        "custom_model_data": 1119
      },
      "model": "minecraft:item/pyrofishing_tuna"
    },
    {
      "predicate": {
        "custom_model_data": 1120
      },
      "model": "minecraft:item/pyrofishing_unicorn_fish"
    },
    {
      "predicate": {
        "custom_model_data": 1121
      },
      "model": "minecraft:item/pyrofishing_viper_fish"
    },
    {
      "predicate": {
        "custom_model_data": 1122
      },
      "model": "minecraft:item/pyrofishing_void_salmon"
    },
    {
      "predicate": {
        "custom_model_data": 1123
      },
      "model": "minecraft:item/pyrofishing_weeb_fish"
    },
    {
      "predicate": {
        "custom_model_data": 1124
      },
      "model": "minecraft:item/pyrofishing_white_fish"
    },
    {
      "predicate": {
        "custom_model_data": 1125
      },
      "model": "minecraft:item/pyrofishing_xayah_fish"
    },
    {
      "predicate": {
        "custom_model_data": 1126
      },
      "model": "minecraft:item/pyrofishing_zedfish"
    },
    {
      "predicate": {
        "custom_model_data": 1127
      },
      "model": "minecraft:item/pyrofishing_zero_two_fish"
    }
  ]
}